time,price
08-Feb-2026 00:00:00,1.17287
08-Feb-2026 01:00:00,1.15532
08-Feb-2026 02:00:00,1.15223
08-Feb-2026 03:00:00,1.14213
08-Feb-2026 04:00:00,1.13904
08-Feb-2026 05:00:00,1.152
08-Feb-2026 06:00:00,1.15521
08-Feb-2026 07:00:00,1.17356
08-Feb-2026 08:00:00,1.19592
08-Feb-2026 09:00:00,1.19386
08-Feb-2026 10:00:00,1.19225
08-Feb-2026 11:00:00,1.17505
08-Feb-2026 12:00:00,1.15693
08-Feb-2026 13:00:00,1.14592
08-Feb-2026 14:00:00,1.15785
08-Feb-2026 15:00:00,1.1942
08-Feb-2026 16:00:00,1.27839
08-Feb-2026 17:00:00,1.40937
08-Feb-2026 18:00:00,1.45766
08-Feb-2026 19:00:00,1.40811
08-Feb-2026 20:00:00,1.28344
08-Feb-2026 21:00:00,1.23515
08-Feb-2026 22:00:00,1.20487
08-Feb-2026 23:00:00,1.15429
09-Feb-2026 00:00:00,1.13433
09-Feb-2026 01:00:00,1.12114
09-Feb-2026 02:00:00,1.12252
09-Feb-2026 03:00:00,1.12172
09-Feb-2026 04:00:00,1.12803
09-Feb-2026 05:00:00,1.20499
09-Feb-2026 06:00:00,1.4939
09-Feb-2026 07:00:00,1.78615
09-Feb-2026 08:00:00,2.09754
09-Feb-2026 09:00:00,1.95085
09-Feb-2026 10:00:00,1.82801
09-Feb-2026 11:00:00,1.6843
09-Feb-2026 12:00:00,1.58348
09-Feb-2026 13:00:00,1.568
09-Feb-2026 14:00:00,1.60699
09-Feb-2026 15:00:00,1.72031
09-Feb-2026 16:00:00,2.09146
09-Feb-2026 17:00:00,2.78216
09-Feb-2026 18:00:00,2.49725
09-Feb-2026 19:00:00,2.28805
09-Feb-2026 20:00:00,1.71194
09-Feb-2026 21:00:00,1.58497
09-Feb-2026 22:00:00,1.4439
09-Feb-2026 23:00:00,1.2933
10-Feb-2026 00:00:00,1.34755
10-Feb-2026 01:00:00,1.32324
10-Feb-2026 02:00:00,1.28802
10-Feb-2026 03:00:00,1.27025
10-Feb-2026 04:00:00,1.24926
10-Feb-2026 05:00:00,1.28562
10-Feb-2026 06:00:00,1.73751
10-Feb-2026 07:00:00,3.12957
10-Feb-2026 08:00:00,3.61496
10-Feb-2026 09:00:00,3.69891
10-Feb-2026 10:00:00,3.12487
10-Feb-2026 11:00:00,2.83996
10-Feb-2026 12:00:00,2.84031
10-Feb-2026 13:00:00,2.28163
10-Feb-2026 14:00:00,1.96897
10-Feb-2026 15:00:00,2.20983
10-Feb-2026 16:00:00,2.72515
10-Feb-2026 17:00:00,3.17625
10-Feb-2026 18:00:00,3.20492
10-Feb-2026 19:00:00,2.23506
10-Feb-2026 20:00:00,1.82216
10-Feb-2026 21:00:00,1.57786
10-Feb-2026 22:00:00,1.33746
10-Feb-2026 23:00:00,1.21829
11-Feb-2026 00:00:00,1.2221
11-Feb-2026 01:00:00,1.1781
11-Feb-2026 02:00:00,1.15056
11-Feb-2026 03:00:00,1.13993
11-Feb-2026 04:00:00,1.13353
11-Feb-2026 05:00:00,1.18564
11-Feb-2026 06:00:00,1.32839
11-Feb-2026 07:00:00,1.59835
11-Feb-2026 08:00:00,1.78178
11-Feb-2026 09:00:00,1.79001
11-Feb-2026 10:00:00,1.71366
11-Feb-2026 11:00:00,1.71286
11-Feb-2026 12:00:00,1.70235
11-Feb-2026 13:00:00,1.54143
11-Feb-2026 14:00:00,1.4572
11-Feb-2026 15:00:00,1.51126
11-Feb-2026 16:00:00,1.64258
11-Feb-2026 17:00:00,1.71046
11-Feb-2026 18:00:00,1.70155
11-Feb-2026 19:00:00,1.53617
11-Feb-2026 20:00:00,1.42314
11-Feb-2026 21:00:00,1.29388
11-Feb-2026 22:00:00,1.22747
11-Feb-2026 23:00:00,1.15056
12-Feb-2026 00:00:00,1.20094
12-Feb-2026 01:00:00,1.13488
12-Feb-2026 02:00:00,1.08681
12-Feb-2026 03:00:00,1.06385
12-Feb-2026 04:00:00,1.08726
12-Feb-2026 05:00:00,1.15253
12-Feb-2026 06:00:00,1.33182
12-Feb-2026 07:00:00,1.53079
12-Feb-2026 08:00:00,1.6948
12-Feb-2026 09:00:00,1.69378
12-Feb-2026 10:00:00,1.65137
12-Feb-2026 11:00:00,1.65499
12-Feb-2026 12:00:00,1.46167
12-Feb-2026 13:00:00,1.36258
12-Feb-2026 14:00:00,1.38521
12-Feb-2026 15:00:00,1.43724
12-Feb-2026 16:00:00,1.62456
12-Feb-2026 17:00:00,1.79299
12-Feb-2026 18:00:00,1.6896
12-Feb-2026 19:00:00,1.48328
12-Feb-2026 20:00:00,1.37141
12-Feb-2026 21:00:00,1.2308
12-Feb-2026 22:00:00,1.19076
12-Feb-2026 23:00:00,1.11034
13-Feb-2026 00:00:00,1.11152
13-Feb-2026 01:00:00,1.08696
13-Feb-2026 02:00:00,1.07919
13-Feb-2026 03:00:00,1.10329
13-Feb-2026 04:00:00,1.10284
13-Feb-2026 05:00:00,1.14948
13-Feb-2026 06:00:00,1.30595
13-Feb-2026 07:00:00,1.5281
13-Feb-2026 08:00:00,1.89714
13-Feb-2026 09:00:00,2.01283
13-Feb-2026 10:00:00,1.92034
13-Feb-2026 11:00:00,1.80003
13-Feb-2026 12:00:00,1.82144
13-Feb-2026 13:00:00,1.70282
13-Feb-2026 14:00:00,1.62633
13-Feb-2026 15:00:00,1.70158
13-Feb-2026 16:00:00,1.96157
13-Feb-2026 17:00:00,2.1773
13-Feb-2026 18:00:00,1.993
13-Feb-2026 19:00:00,1.66621
13-Feb-2026 20:00:00,1.47031
13-Feb-2026 21:00:00,1.35743
13-Feb-2026 22:00:00,1.27047
13-Feb-2026 23:00:00,1.18925
14-Feb-2026 00:00:00,1.18882
14-Feb-2026 01:00:00,1.17779
14-Feb-2026 02:00:00,1.1653
14-Feb-2026 03:00:00,1.15663
14-Feb-2026 04:00:00,1.15303
14-Feb-2026 05:00:00,1.13255
14-Feb-2026 06:00:00,1.1671
14-Feb-2026 07:00:00,1.22449
14-Feb-2026 08:00:00,1.32049
14-Feb-2026 09:00:00,1.36505
14-Feb-2026 10:00:00,1.34513
14-Feb-2026 11:00:00,1.23563
14-Feb-2026 12:00:00,1.21335
14-Feb-2026 13:00:00,1.19478
14-Feb-2026 14:00:00,1.1922
14-Feb-2026 15:00:00,1.20502
14-Feb-2026 16:00:00,1.33196
14-Feb-2026 17:00:00,1.44765
14-Feb-2026 18:00:00,1.47398
14-Feb-2026 19:00:00,1.40961
14-Feb-2026 20:00:00,1.34457
14-Feb-2026 21:00:00,1.28695
14-Feb-2026 22:00:00,1.23417
14-Feb-2026 23:00:00,1.14808
15-Feb-2026 00:00:00,1.17587
15-Feb-2026 01:00:00,1.15299
15-Feb-2026 02:00:00,1.14585
15-Feb-2026 03:00:00,1.11833
15-Feb-2026 04:00:00,1.10542
15-Feb-2026 05:00:00,1.09001
15-Feb-2026 06:00:00,1.0942
15-Feb-2026 07:00:00,1.11618
15-Feb-2026 08:00:00,1.11776
15-Feb-2026 09:00:00,1.08911
15-Feb-2026 10:00:00,1.03837
15-Feb-2026 11:00:00,1.03236
15-Feb-2026 12:00:00,1.01153
15-Feb-2026 13:00:00,1.00224
15-Feb-2026 14:00:00,0.99929
15-Feb-2026 15:00:00,1.06883
15-Feb-2026 16:00:00,1.06725
15-Feb-2026 17:00:00,1.10542
15-Feb-2026 18:00:00,1.11289
15-Feb-2026 19:00:00,1.09738
15-Feb-2026 20:00:00,1.06612
15-Feb-2026 21:00:00,1.02296
15-Feb-2026 22:00:00,1.02047
15-Feb-2026 23:00:00,0.99046
16-Feb-2026 00:00:00,1.01662
16-Feb-2026 01:00:00,1.00518
16-Feb-2026 02:00:00,1.00292
16-Feb-2026 03:00:00,0.99114
16-Feb-2026 04:00:00,0.99873
16-Feb-2026 05:00:00,1.0224
16-Feb-2026 06:00:00,1.06555
16-Feb-2026 07:00:00,1.10361
16-Feb-2026 08:00:00,1.17938
16-Feb-2026 09:00:00,1.19433
16-Feb-2026 10:00:00,1.18425
16-Feb-2026 11:00:00,1.16499
16-Feb-2026 12:00:00,1.19523
16-Feb-2026 13:00:00,1.20701
16-Feb-2026 14:00:00,1.20022
16-Feb-2026 15:00:00,1.1505
16-Feb-2026 16:00:00,1.18889
16-Feb-2026 17:00:00,1.25945
16-Feb-2026 18:00:00,1.29909
16-Feb-2026 19:00:00,1.34915
16-Feb-2026 20:00:00,1.31382
16-Feb-2026 21:00:00,1.25605
16-Feb-2026 22:00:00,1.24201
16-Feb-2026 23:00:00,1.19274
17-Feb-2026 00:00:00,1.02659
17-Feb-2026 01:00:00,1.00994
17-Feb-2026 02:00:00,1.01753
17-Feb-2026 03:00:00,1.02002
17-Feb-2026 04:00:00,1.01787
17-Feb-2026 05:00:00,1.04426
17-Feb-2026 06:00:00,1.15299
17-Feb-2026 07:00:00,1.24405
17-Feb-2026 08:00:00,1.2633
17-Feb-2026 09:00:00,1.25379
17-Feb-2026 10:00:00,1.21687
17-Feb-2026 11:00:00,1.19399
17-Feb-2026 12:00:00,1.17326
17-Feb-2026 13:00:00,1.17383
17-Feb-2026 14:00:00,1.17553
17-Feb-2026 15:00:00,1.2274
17-Feb-2026 16:00:00,1.32911
17-Feb-2026 17:00:00,1.42141
17-Feb-2026 18:00:00,1.37939
17-Feb-2026 19:00:00,1.3743
17-Feb-2026 20:00:00,1.22343
17-Feb-2026 21:00:00,1.15899
17-Feb-2026 22:00:00,1.11153
17-Feb-2026 23:00:00,1.08299
18-Feb-2026 00:00:00,1.20766
18-Feb-2026 01:00:00,1.16225
18-Feb-2026 02:00:00,1.10062
18-Feb-2026 03:00:00,1.06975
18-Feb-2026 04:00:00,1.06232
18-Feb-2026 05:00:00,1.13273
18-Feb-2026 06:00:00,1.36899
18-Feb-2026 07:00:00,2.0024
18-Feb-2026 08:00:00,2.22423
18-Feb-2026 09:00:00,1.91947
18-Feb-2026 10:00:00,2.04588
18-Feb-2026 11:00:00,1.56976
18-Feb-2026 12:00:00,1.62463
18-Feb-2026 13:00:00,1.52864
18-Feb-2026 14:00:00,1.53123
18-Feb-2026 15:00:00,1.5505
18-Feb-2026 16:00:00,1.66192
18-Feb-2026 17:00:00,2.04825
18-Feb-2026 18:00:00,1.88432
18-Feb-2026 19:00:00,1.56976
18-Feb-2026 20:00:00,1.40009
18-Feb-2026 21:00:00,1.34319
18-Feb-2026 22:00:00,1.22422
18-Feb-2026 23:00:00,1.15718
19-Feb-2026 00:00:00,1.14236
19-Feb-2026 01:00:00,1.13808
19-Feb-2026 02:00:00,1.13334
19-Feb-2026 03:00:00,1.13041
19-Feb-2026 04:00:00,1.13932
19-Feb-2026 05:00:00,1.16481
19-Feb-2026 06:00:00,1.45757
19-Feb-2026 07:00:00,2.46354
19-Feb-2026 08:00:00,3.97797
19-Feb-2026 09:00:00,2.54996
19-Feb-2026 10:00:00,1.86449
19-Feb-2026 11:00:00,1.51409
19-Feb-2026 12:00:00,1.34859
19-Feb-2026 13:00:00,1.24672
19-Feb-2026 14:00:00,1.22968
19-Feb-2026 15:00:00,1.31531
19-Feb-2026 16:00:00,1.38232
19-Feb-2026 17:00:00,1.70599
19-Feb-2026 18:00:00,1.45667
19-Feb-2026 19:00:00,1.3487
19-Feb-2026 20:00:00,1.34859
19-Feb-2026 21:00:00,1.25055
19-Feb-2026 22:00:00,1.14383
19-Feb-2026 23:00:00,1.07276
20-Feb-2026 00:00:00,0.99788
20-Feb-2026 01:00:00,0.98238
20-Feb-2026 02:00:00,0.97418
20-Feb-2026 03:00:00,0.96677
20-Feb-2026 04:00:00,0.95004
20-Feb-2026 05:00:00,0.97104
20-Feb-2026 06:00:00,1.05997
20-Feb-2026 07:00:00,1.19426
20-Feb-2026 08:00:00,1.23906
20-Feb-2026 09:00:00,1.15418
20-Feb-2026 10:00:00,1.03347
20-Feb-2026 11:00:00,1.03965
20-Feb-2026 12:00:00,1.1169
20-Feb-2026 13:00:00,1.05447
20-Feb-2026 14:00:00,1.05155
20-Feb-2026 15:00:00,1.04099
20-Feb-2026 16:00:00,1.07019
20-Feb-2026 17:00:00,1.13071
20-Feb-2026 18:00:00,1.06379
20-Feb-2026 19:00:00,1.0785
20-Feb-2026 20:00:00,1.00192
20-Feb-2026 21:00:00,0.95992
20-Feb-2026 22:00:00,0.92747
20-Feb-2026 23:00:00,0.89008
21-Feb-2026 00:00:00,0.8424
21-Feb-2026 01:00:00,0.87222
21-Feb-2026 02:00:00,0.87807
21-Feb-2026 03:00:00,0.88674
21-Feb-2026 04:00:00,0.89034
21-Feb-2026 05:00:00,0.87785
21-Feb-2026 06:00:00,0.91374
21-Feb-2026 07:00:00,0.92466
21-Feb-2026 08:00:00,0.93929
21-Feb-2026 09:00:00,0.96742
21-Feb-2026 10:00:00,0.96011
21-Feb-2026 11:00:00,0.94536
21-Feb-2026 12:00:00,0.93704
21-Feb-2026 13:00:00,0.9376
21-Feb-2026 14:00:00,0.94548
21-Feb-2026 15:00:00,0.94525
21-Feb-2026 16:00:00,1.00692
21-Feb-2026 17:00:00,1.08265
21-Feb-2026 18:00:00,1.19496
21-Feb-2026 19:00:00,1.13622
21-Feb-2026 20:00:00,1.04979
21-Feb-2026 21:00:00,1.00771
21-Feb-2026 22:00:00,0.9448
21-Feb-2026 23:00:00,0.89169
22-Feb-2026 00:00:00,0.86442
22-Feb-2026 01:00:00,0.86903
22-Feb-2026 02:00:00,0.85283
22-Feb-2026 03:00:00,0.81141
22-Feb-2026 04:00:00,0.82886
22-Feb-2026 05:00:00,0.82492
22-Feb-2026 06:00:00,0.80939
22-Feb-2026 07:00:00,0.82357
22-Feb-2026 08:00:00,0.85283
22-Feb-2026 09:00:00,0.88862
22-Feb-2026 10:00:00,0.87354
22-Feb-2026 11:00:00,0.88108
22-Feb-2026 12:00:00,0.87984
22-Feb-2026 13:00:00,0.86971
22-Feb-2026 14:00:00,0.87342
22-Feb-2026 15:00:00,0.86656
22-Feb-2026 16:00:00,0.93487
22-Feb-2026 17:00:00,1.01747
22-Feb-2026 18:00:00,1.06238
22-Feb-2026 19:00:00,1.04572
22-Feb-2026 20:00:00,0.98574
22-Feb-2026 21:00:00,0.92868
22-Feb-2026 22:00:00,0.92148
22-Feb-2026 23:00:00,0.87354
23-Feb-2026 00:00:00,0.91416
23-Feb-2026 01:00:00,0.92069
23-Feb-2026 02:00:00,0.90257
23-Feb-2026 03:00:00,0.88063
23-Feb-2026 04:00:00,0.88366
23-Feb-2026 05:00:00,0.9136
23-Feb-2026 06:00:00,0.97617
23-Feb-2026 07:00:00,1.08725
23-Feb-2026 08:00:00,1.12326
23-Feb-2026 09:00:00,1.0814
23-Feb-2026 10:00:00,1.05079
23-Feb-2026 11:00:00,1.00464
23-Feb-2026 12:00:00,1.00251
23-Feb-2026 13:00:00,1.00408
23-Feb-2026 14:00:00,1.02265
23-Feb-2026 15:00:00,1.06159
23-Feb-2026 16:00:00,1.07892
23-Feb-2026 17:00:00,1.13181
23-Feb-2026 18:00:00,1.21408
23-Feb-2026 19:00:00,1.24818
23-Feb-2026 20:00:00,1.13924
23-Feb-2026 21:00:00,1.10863
23-Feb-2026 22:00:00,1.07881
23-Feb-2026 23:00:00,1.01961
24-Feb-2026 00:00:00,0.99519
24-Feb-2026 01:00:00,0.98225
24-Feb-2026 02:00:00,0.9953
24-Feb-2026 03:00:00,0.99103
24-Feb-2026 04:00:00,0.99958
24-Feb-2026 05:00:00,1.05394
24-Feb-2026 06:00:00,1.20868
24-Feb-2026 07:00:00,1.49262
24-Feb-2026 08:00:00,1.6531
24-Feb-2026 09:00:00,1.6109
24-Feb-2026 10:00:00,1.47169
24-Feb-2026 11:00:00,1.34755
24-Feb-2026 12:00:00,1.18673
24-Feb-2026 13:00:00,1.16141
24-Feb-2026 14:00:00,1.16715
24-Feb-2026 15:00:00,1.22725
24-Feb-2026 16:00:00,1.38874
24-Feb-2026 17:00:00,2.0399
24-Feb-2026 18:00:00,2.02628
24-Feb-2026 19:00:00,1.19022
24-Feb-2026 20:00:00,1.3013
24-Feb-2026 21:00:00,1.15792
24-Feb-2026 22:00:00,1.11325
24-Feb-2026 23:00:00,1.04651
25-Feb-2026 00:00:00,1.02216
25-Feb-2026 01:00:00,0.97915
25-Feb-2026 02:00:00,0.96395
25-Feb-2026 03:00:00,0.95934
25-Feb-2026 04:00:00,0.96463
25-Feb-2026 05:00:00,1.01056
25-Feb-2026 06:00:00,1.10986
25-Feb-2026 07:00:00,1.25634
25-Feb-2026 08:00:00,1.28133
25-Feb-2026 09:00:00,1.14341
25-Feb-2026 10:00:00,1.02936
25-Feb-2026 11:00:00,0.97622
25-Feb-2026 12:00:00,0.95123
25-Feb-2026 13:00:00,0.92331
25-Feb-2026 14:00:00,0.91858
25-Feb-2026 15:00:00,0.96103
25-Feb-2026 16:00:00,1.078
25-Feb-2026 17:00:00,1.18811
25-Feb-2026 18:00:00,1.22684
25-Feb-2026 19:00:00,1.16537
25-Feb-2026 20:00:00,1.06832
25-Feb-2026 21:00:00,1.01281
25-Feb-2026 22:00:00,0.98478
25-Feb-2026 23:00:00,0.92128
26-Feb-2026 00:00:00,0.90612
26-Feb-2026 01:00:00,0.8621
26-Feb-2026 02:00:00,0.82698
26-Feb-2026 03:00:00,0.81898
26-Feb-2026 04:00:00,0.80457
26-Feb-2026 05:00:00,0.8746
26-Feb-2026 06:00:00,1.00935
26-Feb-2026 07:00:00,1.08207
26-Feb-2026 08:00:00,1.08466
26-Feb-2026 09:00:00,1.04672
26-Feb-2026 10:00:00,0.9892
26-Feb-2026 11:00:00,0.94349
26-Feb-2026 12:00:00,0.89475
26-Feb-2026 13:00:00,0.86356
26-Feb-2026 14:00:00,0.85748
26-Feb-2026 15:00:00,0.88416
26-Feb-2026 16:00:00,0.9982
26-Feb-2026 17:00:00,1.04999
26-Feb-2026 18:00:00,1.08196
26-Feb-2026 19:00:00,1.08398
26-Feb-2026 20:00:00,1.04661
26-Feb-2026 21:00:00,0.99539
26-Feb-2026 22:00:00,0.93167
26-Feb-2026 23:00:00,0.85647
27-Feb-2026 00:00:00,0.81463
27-Feb-2026 01:00:00,0.79261
27-Feb-2026 02:00:00,0.80413
27-Feb-2026 03:00:00,0.77498
27-Feb-2026 04:00:00,0.80503
27-Feb-2026 05:00:00,0.83259
27-Feb-2026 06:00:00,0.89833
27-Feb-2026 07:00:00,1.00858
27-Feb-2026 08:00:00,1.01569
27-Feb-2026 09:00:00,0.98655
27-Feb-2026 10:00:00,0.97537
27-Feb-2026 11:00:00,0.98271
27-Feb-2026 12:00:00,1.00733
27-Feb-2026 13:00:00,0.97356
27-Feb-2026 14:00:00,0.94984
27-Feb-2026 15:00:00,0.99073
27-Feb-2026 16:00:00,1.03523
27-Feb-2026 17:00:00,1.08889
27-Feb-2026 18:00:00,1.13339
27-Feb-2026 19:00:00,1.13124
27-Feb-2026 20:00:00,1.08968
27-Feb-2026 21:00:00,1.04359
27-Feb-2026 22:00:00,1.01411
27-Feb-2026 23:00:00,0.96769
28-Feb-2026 00:00:00,0.93935
28-Feb-2026 01:00:00,0.90039
28-Feb-2026 02:00:00,0.88085
28-Feb-2026 03:00:00,0.86256
28-Feb-2026 04:00:00,0.84528
28-Feb-2026 05:00:00,0.85646
28-Feb-2026 06:00:00,0.87182
28-Feb-2026 07:00:00,0.92716
28-Feb-2026 08:00:00,0.95132
28-Feb-2026 09:00:00,0.98091
28-Feb-2026 10:00:00,1.00259
28-Feb-2026 11:00:00,0.97775
28-Feb-2026 12:00:00,0.94624
28-Feb-2026 13:00:00,0.90818
28-Feb-2026 14:00:00,0.90186
28-Feb-2026 15:00:00,0.90547
28-Feb-2026 16:00:00,0.95923
28-Feb-2026 17:00:00,1.03229
28-Feb-2026 18:00:00,1.06956
28-Feb-2026 19:00:00,1.03941
28-Feb-2026 20:00:00,1.00022
28-Feb-2026 21:00:00,0.97097
28-Feb-2026 22:00:00,0.95053
28-Feb-2026 23:00:00,0.92027
01-Mar-2026 00:00:00,0.90172
01-Mar-2026 01:00:00,0.92246
01-Mar-2026 02:00:00,0.9238
01-Mar-2026 03:00:00,0.87998
01-Mar-2026 04:00:00,0.8533
01-Mar-2026 05:00:00,0.82573
01-Mar-2026 06:00:00,0.81744
01-Mar-2026 07:00:00,0.8217
01-Mar-2026 08:00:00,0.79233
01-Mar-2026 09:00:00,0.91204
01-Mar-2026 10:00:00,0.92268
01-Mar-2026 11:00:00,0.84142
01-Mar-2026 12:00:00,0.88626
01-Mar-2026 13:00:00,0.86496
01-Mar-2026 14:00:00,0.85622
01-Mar-2026 15:00:00,0.85577
01-Mar-2026 16:00:00,0.94084
01-Mar-2026 17:00:00,1.0397
01-Mar-2026 18:00:00,1.06391
01-Mar-2026 19:00:00,1.06458
01-Mar-2026 20:00:00,1.02894
01-Mar-2026 21:00:00,0.95665
01-Mar-2026 22:00:00,0.89634
01-Mar-2026 23:00:00,0.84703
02-Mar-2026 00:00:00,0.85992
02-Mar-2026 01:00:00,0.83974
02-Mar-2026 02:00:00,0.83089
02-Mar-2026 03:00:00,0.83727
02-Mar-2026 04:00:00,0.88032
02-Mar-2026 05:00:00,0.99128
02-Mar-2026 06:00:00,1.10359
02-Mar-2026 07:00:00,1.51035
02-Mar-2026 08:00:00,1.63039
02-Mar-2026 09:00:00,1.27934
02-Mar-2026 10:00:00,1.17678
02-Mar-2026 11:00:00,1.20088
02-Mar-2026 12:00:00,1.17331
02-Mar-2026 13:00:00,1.08666
02-Mar-2026 14:00:00,1.07445
02-Mar-2026 15:00:00,1.06873
02-Mar-2026 16:00:00,1.19393
02-Mar-2026 17:00:00,1.88818
02-Mar-2026 18:00:00,1.9644
02-Mar-2026 19:00:00,1.4561
02-Mar-2026 20:00:00,1.13083
02-Mar-2026 21:00:00,1.06548
02-Mar-2026 22:00:00,1.03701
02-Mar-2026 23:00:00,1.01908
03-Mar-2026 00:00:00,1.00395
03-Mar-2026 01:00:00,1.02614
03-Mar-2026 02:00:00,1.02681
03-Mar-2026 03:00:00,1.03073
03-Mar-2026 04:00:00,1.03936
03-Mar-2026 05:00:00,1.07837
03-Mar-2026 06:00:00,1.11771
03-Mar-2026 07:00:00,1.14988
03-Mar-2026 08:00:00,1.23193
03-Mar-2026 09:00:00,1.0805
03-Mar-2026 10:00:00,1.00462
03-Mar-2026 11:00:00,0.92784
03-Mar-2026 12:00:00,0.92089
03-Mar-2026 13:00:00,0.9247
03-Mar-2026 14:00:00,0.946
03-Mar-2026 15:00:00,1.01549
03-Mar-2026 16:00:00,1.04486
03-Mar-2026 17:00:00,1.09059
03-Mar-2026 18:00:00,1.138
03-Mar-2026 19:00:00,1.11625
03-Mar-2026 20:00:00,1.13834
03-Mar-2026 21:00:00,1.10662
03-Mar-2026 22:00:00,1.09104
03-Mar-2026 23:00:00,1.05494
04-Mar-2026 00:00:00,1.10713
04-Mar-2026 01:00:00,1.10925
04-Mar-2026 02:00:00,1.11071
04-Mar-2026 03:00:00,1.13969
04-Mar-2026 04:00:00,1.1473
04-Mar-2026 05:00:00,1.18468
04-Mar-2026 06:00:00,1.28383
04-Mar-2026 07:00:00,1.38421
04-Mar-2026 08:00:00,1.35501
04-Mar-2026 09:00:00,1.26436
04-Mar-2026 10:00:00,1.16588
04-Mar-2026 11:00:00,1.08967
04-Mar-2026 12:00:00,1.02084
04-Mar-2026 13:00:00,1.01234
04-Mar-2026 14:00:00,1.04904
04-Mar-2026 15:00:00,1.10578
04-Mar-2026 16:00:00,1.19788
04-Mar-2026 17:00:00,1.28394
04-Mar-2026 18:00:00,1.30722
04-Mar-2026 19:00:00,1.27141
04-Mar-2026 20:00:00,1.28618
04-Mar-2026 21:00:00,1.31752
04-Mar-2026 22:00:00,1.27454
04-Mar-2026 23:00:00,1.18244
05-Mar-2026 00:00:00,1.21709
05-Mar-2026 01:00:00,1.19684
05-Mar-2026 02:00:00,1.19133
05-Mar-2026 03:00:00,1.18762
05-Mar-2026 04:00:00,1.20213
05-Mar-2026 05:00:00,1.25814
05-Mar-2026 06:00:00,1.42698
05-Mar-2026 07:00:00,1.5893
05-Mar-2026 08:00:00,1.38413
05-Mar-2026 09:00:00,1.18087
05-Mar-2026 10:00:00,1.12699
05-Mar-2026 11:00:00,1.09695
05-Mar-2026 12:00:00,1.08188
05-Mar-2026 13:00:00,1.08053
05-Mar-2026 14:00:00,1.08559
05-Mar-2026 15:00:00,1.14892
05-Mar-2026 16:00:00,1.27659
05-Mar-2026 17:00:00,1.65274
05-Mar-2026 18:00:00,1.80752
05-Mar-2026 19:00:00,1.55319
05-Mar-2026 20:00:00,1.32282
05-Mar-2026 21:00:00,1.28762
05-Mar-2026 22:00:00,1.26208
05-Mar-2026 23:00:00,1.21956
06-Mar-2026 00:00:00,1.1688
06-Mar-2026 01:00:00,1.16015
06-Mar-2026 02:00:00,1.18072
06-Mar-2026 03:00:00,1.19285
06-Mar-2026 04:00:00,1.22511
06-Mar-2026 05:00:00,1.27827
06-Mar-2026 06:00:00,1.49112
06-Mar-2026 07:00:00,1.68431
06-Mar-2026 08:00:00,1.3956
06-Mar-2026 09:00:00,1.23466
06-Mar-2026 10:00:00,1.17341
06-Mar-2026 11:00:00,1.12138
06-Mar-2026 12:00:00,1.11688
06-Mar-2026 13:00:00,1.10958
06-Mar-2026 14:00:00,1.15588
06-Mar-2026 15:00:00,1.19713
06-Mar-2026 16:00:00,1.29782
06-Mar-2026 17:00:00,1.67993
06-Mar-2026 18:00:00,2.09384
06-Mar-2026 19:00:00,1.73624
06-Mar-2026 20:00:00,1.44864
06-Mar-2026 21:00:00,1.34828
06-Mar-2026 22:00:00,1.29142
06-Mar-2026 23:00:00,1.26748
07-Mar-2026 00:00:00,1.308
07-Mar-2026 01:00:00,1.28176
07-Mar-2026 02:00:00,1.26214
07-Mar-2026 03:00:00,1.25316
07-Mar-2026 04:00:00,1.25552
07-Mar-2026 05:00:00,1.2729
07-Mar-2026 06:00:00,1.26651
07-Mar-2026 07:00:00,1.27784
07-Mar-2026 08:00:00,1.2276
07-Mar-2026 09:00:00,1.18465
07-Mar-2026 10:00:00,1.1279
07-Mar-2026 11:00:00,1.102
07-Mar-2026 12:00:00,1.08271
07-Mar-2026 13:00:00,1.07183
07-Mar-2026 14:00:00,1.07845
07-Mar-2026 15:00:00,1.14293
07-Mar-2026 16:00:00,1.21728
07-Mar-2026 17:00:00,1.30879
07-Mar-2026 18:00:00,1.47475
07-Mar-2026 19:00:00,1.54641
07-Mar-2026 20:00:00,1.40556
07-Mar-2026 21:00:00,1.37203
07-Mar-2026 22:00:00,1.32056
07-Mar-2026 23:00:00,1.27739
08-Mar-2026 00:00:00,1.2645
08-Mar-2026 01:00:00,1.25858
08-Mar-2026 02:00:00,1.26786
08-Mar-2026 03:00:00,1.25378
08-Mar-2026 04:00:00,1.25009
08-Mar-2026 05:00:00,1.25221
08-Mar-2026 06:00:00,1.31199
08-Mar-2026 07:00:00,1.22786
08-Mar-2026 08:00:00,1.1978
08-Mar-2026 09:00:00,1.15524
08-Mar-2026 10:00:00,1.10094
08-Mar-2026 11:00:00,1.07669
08-Mar-2026 12:00:00,1.07803
08-Mar-2026 13:00:00,1.07949
08-Mar-2026 14:00:00,1.07893
08-Mar-2026 15:00:00,1.13848
08-Mar-2026 16:00:00,1.18797
08-Mar-2026 17:00:00,1.31713
08-Mar-2026 18:00:00,1.46449
08-Mar-2026 19:00:00,1.42528
08-Mar-2026 20:00:00,1.36662
08-Mar-2026 21:00:00,1.31389
08-Mar-2026 22:00:00,1.26931
08-Mar-2026 23:00:00,1.20931
09-Mar-2026 00:00:00,1.20339
09-Mar-2026 01:00:00,1.17937
09-Mar-2026 02:00:00,1.17736
09-Mar-2026 03:00:00,1.1892
09-Mar-2026 04:00:00,1.23356
09-Mar-2026 05:00:00,1.26752
09-Mar-2026 06:00:00,1.33076
09-Mar-2026 07:00:00,1.57745
09-Mar-2026 08:00:00,1.7371
09-Mar-2026 09:00:00,1.29154
09-Mar-2026 10:00:00,1.20373
09-Mar-2026 11:00:00,1.14038
09-Mar-2026 12:00:00,1.0996
09-Mar-2026 13:00:00,1.09792
09-Mar-2026 14:00:00,1.12295
09-Mar-2026 15:00:00,1.21914
09-Mar-2026 16:00:00,1.35645
09-Mar-2026 17:00:00,1.81631
09-Mar-2026 18:00:00,2.13138
09-Mar-2026 19:00:00,1.62515
09-Mar-2026 20:00:00,1.74805
09-Mar-2026 21:00:00,1.59934
09-Mar-2026 22:00:00,1.40651
09-Mar-2026 23:00:00,1.31456
10-Mar-2026 00:00:00,1.38394
10-Mar-2026 01:00:00,1.36517
10-Mar-2026 02:00:00,1.34874
10-Mar-2026 03:00:00,1.33634
10-Mar-2026 04:00:00,1.3264
10-Mar-2026 05:00:00,1.36338
10-Mar-2026 06:00:00,1.54348
10-Mar-2026 07:00:00,1.90022
10-Mar-2026 08:00:00,1.8381
10-Mar-2026 09:00:00,1.50549
10-Mar-2026 10:00:00,1.3312
10-Mar-2026 11:00:00,1.27277
10-Mar-2026 12:00:00,1.25177
10-Mar-2026 13:00:00,1.26048
10-Mar-2026 14:00:00,1.24596
10-Mar-2026 15:00:00,1.32618
10-Mar-2026 16:00:00,1.4617
10-Mar-2026 17:00:00,1.48605
10-Mar-2026 18:00:00,1.92759
10-Mar-2026 19:00:00,2.11227
10-Mar-2026 20:00:00,1.63107
10-Mar-2026 21:00:00,1.39734
10-Mar-2026 22:00:00,1.26864
10-Mar-2026 23:00:00,1.12675
11-Mar-2026 00:00:00,0.99922
11-Mar-2026 01:00:00,0.86726
11-Mar-2026 02:00:00,0.77513
11-Mar-2026 03:00:00,0.75248
11-Mar-2026 04:00:00,0.72437
11-Mar-2026 05:00:00,0.77992
11-Mar-2026 06:00:00,0.88879
11-Mar-2026 07:00:00,0.99309
11-Mar-2026 08:00:00,0.99364
11-Mar-2026 09:00:00,0.96821
11-Mar-2026 10:00:00,0.85443
11-Mar-2026 11:00:00,0.91779
11-Mar-2026 12:00:00,0.70786
11-Mar-2026 13:00:00,0.86001
11-Mar-2026 14:00:00,0.95761
11-Mar-2026 15:00:00,1.05455
11-Mar-2026 16:00:00,1.13642
11-Mar-2026 17:00:00,1.2531
11-Mar-2026 18:00:00,1.35315
11-Mar-2026 19:00:00,1.36765
11-Mar-2026 20:00:00,1.32025
11-Mar-2026 21:00:00,1.25555
11-Mar-2026 22:00:00,1.20669
11-Mar-2026 23:00:00,1.11523
12-Mar-2026 00:00:00,1.05194
12-Mar-2026 01:00:00,0.99977
12-Mar-2026 02:00:00,0.97536
12-Mar-2026 03:00:00,0.97815
12-Mar-2026 04:00:00,0.98484
12-Mar-2026 05:00:00,1.02095
12-Mar-2026 06:00:00,1.06554
12-Mar-2026 07:00:00,1.14981
12-Mar-2026 08:00:00,1.11503
12-Mar-2026 09:00:00,1.01939
12-Mar-2026 10:00:00,1.0321
12-Mar-2026 11:00:00,1.20577
12-Mar-2026 12:00:00,1.1711
12-Mar-2026 13:00:00,1.11827
12-Mar-2026 14:00:00,1.14179
12-Mar-2026 15:00:00,1.1176
12-Mar-2026 16:00:00,1.12429
12-Mar-2026 17:00:00,1.14914
12-Mar-2026 18:00:00,1.21536
12-Mar-2026 19:00:00,1.22405
12-Mar-2026 20:00:00,1.19106
12-Mar-2026 21:00:00,1.17055
12-Mar-2026 22:00:00,1.08449
12-Mar-2026 23:00:00,0.78464
13-Mar-2026 00:00:00,0.63379
13-Mar-2026 01:00:00,0.56677
13-Mar-2026 02:00:00,0.5184
13-Mar-2026 03:00:00,0.526
13-Mar-2026 04:00:00,0.52756
13-Mar-2026 05:00:00,0.60519
13-Mar-2026 06:00:00,0.86065
13-Mar-2026 07:00:00,0.96241
13-Mar-2026 08:00:00,1.03725
13-Mar-2026 09:00:00,1.03847
13-Mar-2026 10:00:00,1.011
13-Mar-2026 11:00:00,1.00318
13-Mar-2026 12:00:00,1.0234
13-Mar-2026 13:00:00,0.9566
13-Mar-2026 14:00:00,0.90779
13-Mar-2026 15:00:00,1.04719
13-Mar-2026 16:00:00,1.14749
13-Mar-2026 17:00:00,1.20122
13-Mar-2026 18:00:00,1.27561
13-Mar-2026 19:00:00,1.27919
13-Mar-2026 20:00:00,1.2621
13-Mar-2026 21:00:00,1.24869
13-Mar-2026 22:00:00,1.24121
13-Mar-2026 23:00:00,1.20938
14-Mar-2026 00:00:00,1.18682
14-Mar-2026 01:00:00,1.15357
14-Mar-2026 02:00:00,1.14063
14-Mar-2026 03:00:00,1.13673
14-Mar-2026 04:00:00,1.1403
14-Mar-2026 05:00:00,1.15581
14-Mar-2026 06:00:00,1.18236
14-Mar-2026 07:00:00,1.23023
14-Mar-2026 08:00:00,1.2811
14-Mar-2026 09:00:00,1.24518
14-Mar-2026 10:00:00,1.2078
14-Mar-2026 11:00:00,1.1741
14-Mar-2026 12:00:00,1.17634
14-Mar-2026 13:00:00,1.16406
14-Mar-2026 14:00:00,1.19106
14-Mar-2026 15:00:00,1.24931
14-Mar-2026 16:00:00,1.31413
14-Mar-2026 17:00:00,1.3996
14-Mar-2026 18:00:00,1.51151
14-Mar-2026 19:00:00,1.46096
14-Mar-2026 20:00:00,1.37204
14-Mar-2026 21:00:00,1.34883
14-Mar-2026 22:00:00,1.31558
14-Mar-2026 23:00:00,1.29873
15-Mar-2026 00:00:00,1.28708
15-Mar-2026 01:00:00,1.28195
15-Mar-2026 02:00:00,1.27637
15-Mar-2026 03:00:00,1.27759
15-Mar-2026 04:00:00,1.27904
15-Mar-2026 05:00:00,1.27101
15-Mar-2026 06:00:00,1.26565
15-Mar-2026 07:00:00,1.22593
15-Mar-2026 08:00:00,1.17984
15-Mar-2026 09:00:00,1.08421
15-Mar-2026 10:00:00,1.02027
15-Mar-2026 11:00:00,0.93044
15-Mar-2026 12:00:00,0.84351
15-Mar-2026 13:00:00,0.81907
15-Mar-2026 14:00:00,0.81639
15-Mar-2026 15:00:00,0.90198
15-Mar-2026 16:00:00,1.07629
15-Mar-2026 17:00:00,1.23273
15-Mar-2026 18:00:00,1.30002
15-Mar-2026 19:00:00,1.28819
15-Mar-2026 20:00:00,1.17348
15-Mar-2026 21:00:00,1.05464
15-Mar-2026 22:00:00,0.9965
15-Mar-2026 23:00:00,0.91504
16-Mar-2026 00:00:00,0.80802
16-Mar-2026 01:00:00,0.75468
16-Mar-2026 02:00:00,0.7404
16-Mar-2026 03:00:00,0.73962
16-Mar-2026 04:00:00,0.74665
16-Mar-2026 05:00:00,0.8309
16-Mar-2026 06:00:00,0.88335
16-Mar-2026 07:00:00,1.11478
16-Mar-2026 08:00:00,1.1563
16-Mar-2026 09:00:00,1.09637
16-Mar-2026 10:00:00,1.08689
16-Mar-2026 11:00:00,1.13878
16-Mar-2026 12:00:00,1.09671
16-Mar-2026 13:00:00,1.1082
16-Mar-2026 14:00:00,1.11847
16-Mar-2026 15:00:00,1.15853
16-Mar-2026 16:00:00,1.21633
16-Mar-2026 17:00:00,1.29668
16-Mar-2026 18:00:00,1.40224
16-Mar-2026 19:00:00,1.52811
16-Mar-2026 20:00:00,1.44364
16-Mar-2026 21:00:00,1.30806
16-Mar-2026 22:00:00,1.27302
16-Mar-2026 23:00:00,1.14424
17-Mar-2026 00:00:00,1.20283
17-Mar-2026 01:00:00,1.17315
17-Mar-2026 02:00:00,1.15842
17-Mar-2026 03:00:00,1.16835
17-Mar-2026 04:00:00,1.1939
17-Mar-2026 05:00:00,1.23552
17-Mar-2026 06:00:00,1.2815
17-Mar-2026 07:00:00,1.29612
17-Mar-2026 08:00:00,1.33082
17-Mar-2026 09:00:00,1.30114
17-Mar-2026 10:00:00,1.25081
17-Mar-2026 11:00:00,1.19781
17-Mar-2026 12:00:00,1.09593
17-Mar-2026 13:00:00,1.13621
17-Mar-2026 14:00:00,1.16768
17-Mar-2026 15:00:00,1.2151
17-Mar-2026 16:00:00,1.26253
17-Mar-2026 17:00:00,1.28574
17-Mar-2026 18:00:00,1.31922
17-Mar-2026 19:00:00,1.36006
17-Mar-2026 20:00:00,1.31509
17-Mar-2026 21:00:00,1.2834
17-Mar-2026 22:00:00,1.25528
17-Mar-2026 23:00:00,1.20473
18-Mar-2026 00:00:00,1.12393
18-Mar-2026 01:00:00,1.07064
18-Mar-2026 02:00:00,1.06072
18-Mar-2026 03:00:00,1.07521
18-Mar-2026 04:00:00,1.12226
18-Mar-2026 05:00:00,1.21268
18-Mar-2026 06:00:00,1.30633
18-Mar-2026 07:00:00,1.32071
18-Mar-2026 08:00:00,1.24534
18-Mar-2026 09:00:00,1.20342
18-Mar-2026 10:00:00,1.19796
18-Mar-2026 11:00:00,1.18826
18-Mar-2026 12:00:00,1.22695
18-Mar-2026 13:00:00,1.26987
18-Mar-2026 14:00:00,1.18748
18-Mar-2026 15:00:00,1.18402
18-Mar-2026 16:00:00,1.2566
18-Mar-2026 17:00:00,1.35706
18-Mar-2026 18:00:00,1.46732
18-Mar-2026 19:00:00,1.45907
18-Mar-2026 20:00:00,1.38069
18-Mar-2026 21:00:00,1.34056
18-Mar-2026 22:00:00,1.308
18-Mar-2026 23:00:00,1.28414
19-Mar-2026 00:00:00,1.23641
19-Mar-2026 01:00:00,1.2507
19-Mar-2026 02:00:00,1.26454
19-Mar-2026 03:00:00,1.25922
19-Mar-2026 04:00:00,1.2734
19-Mar-2026 05:00:00,1.28225
19-Mar-2026 06:00:00,1.35135
19-Mar-2026 07:00:00,1.39343
19-Mar-2026 08:00:00,1.32677
19-Mar-2026 09:00:00,1.23353
19-Mar-2026 10:00:00,1.21172
19-Mar-2026 11:00:00,1.20485
19-Mar-2026 12:00:00,1.17462
19-Mar-2026 13:00:00,1.15181
19-Mar-2026 14:00:00,1.14307
19-Mar-2026 15:00:00,1.19179
19-Mar-2026 16:00:00,1.26874
19-Mar-2026 17:00:00,1.42222
19-Mar-2026 18:00:00,1.71698
19-Mar-2026 19:00:00,1.75784
19-Mar-2026 20:00:00,1.42498
19-Mar-2026 21:00:00,1.38822
19-Mar-2026 22:00:00,1.34017
19-Mar-2026 23:00:00,1.30396
20-Mar-2026 00:00:00,1.34362
20-Mar-2026 01:00:00,1.33392
20-Mar-2026 02:00:00,1.32444
20-Mar-2026 03:00:00,1.32599
20-Mar-2026 04:00:00,1.33205
20-Mar-2026 05:00:00,1.36996
20-Mar-2026 06:00:00,1.57009
20-Mar-2026 07:00:00,1.69617
20-Mar-2026 08:00:00,1.46848
20-Mar-2026 09:00:00,1.33866
20-Mar-2026 10:00:00,1.26813
20-Mar-2026 11:00:00,1.23507
20-Mar-2026 12:00:00,1.21479
20-Mar-2026 13:00:00,1.18625
20-Mar-2026 14:00:00,1.20796
20-Mar-2026 15:00:00,1.26879
20-Mar-2026 16:00:00,1.34164
20-Mar-2026 17:00:00,1.40798
20-Mar-2026 18:00:00,1.46484
20-Mar-2026 19:00:00,1.43465
20-Mar-2026 20:00:00,1.38197
20-Mar-2026 21:00:00,1.35166
20-Mar-2026 22:00:00,1.32995
20-Mar-2026 23:00:00,1.31056
21-Mar-2026 00:00:00,1.34151
21-Mar-2026 01:00:00,1.32887
21-Mar-2026 02:00:00,1.32865
21-Mar-2026 03:00:00,1.32469
21-Mar-2026 04:00:00,1.32095
21-Mar-2026 05:00:00,1.33074
21-Mar-2026 06:00:00,1.32821
21-Mar-2026 07:00:00,1.33074
21-Mar-2026 08:00:00,1.30973
21-Mar-2026 09:00:00,1.2332
21-Mar-2026 10:00:00,1.17756
21-Mar-2026 11:00:00,1.11302
21-Mar-2026 12:00:00,1.14545
21-Mar-2026 13:00:00,1.09751
21-Mar-2026 14:00:00,1.05913
21-Mar-2026 15:00:00,1.14556
21-Mar-2026 16:00:00,1.27499
21-Mar-2026 17:00:00,1.35394
21-Mar-2026 18:00:00,1.39154
21-Mar-2026 19:00:00,1.38374
21-Mar-2026 20:00:00,1.36021
21-Mar-2026 21:00:00,1.33436
21-Mar-2026 22:00:00,1.30215
21-Mar-2026 23:00:00,1.22133
22-Mar-2026 00:00:00,1.18661
22-Mar-2026 01:00:00,1.13257
22-Mar-2026 02:00:00,1.11591
22-Mar-2026 03:00:00,1.13268
22-Mar-2026 04:00:00,1.18187
22-Mar-2026 05:00:00,1.20404
22-Mar-2026 06:00:00,1.18474
22-Mar-2026 07:00:00,1.09981
22-Mar-2026 08:00:00,1.075
22-Mar-2026 09:00:00,1.09408
22-Mar-2026 10:00:00,1.10136
22-Mar-2026 11:00:00,1.09485
22-Mar-2026 12:00:00,1.11272
22-Mar-2026 13:00:00,1.14514
22-Mar-2026 14:00:00,1.16135
22-Mar-2026 15:00:00,1.15716
22-Mar-2026 16:00:00,1.21209
22-Mar-2026 17:00:00,1.31962
22-Mar-2026 18:00:00,1.38226
22-Mar-2026 19:00:00,1.42031
22-Mar-2026 20:00:00,1.39451
22-Mar-2026 21:00:00,1.36307
22-Mar-2026 22:00:00,1.3516
22-Mar-2026 23:00:00,1.343
23-Mar-2026 00:00:00,1.33903
23-Mar-2026 01:00:00,1.31113
23-Mar-2026 02:00:00,1.30164
23-Mar-2026 03:00:00,1.32701
23-Mar-2026 04:00:00,1.32547
23-Mar-2026 05:00:00,1.33958
23-Mar-2026 06:00:00,1.37212
23-Mar-2026 07:00:00,1.45859
23-Mar-2026 08:00:00,1.38447
23-Mar-2026 09:00:00,1.27826
23-Mar-2026 10:00:00,1.17922
23-Mar-2026 11:00:00,1.11999
23-Mar-2026 12:00:00,1.11602
23-Mar-2026 13:00:00,1.20271
23-Mar-2026 14:00:00,1.23128
23-Mar-2026 15:00:00,1.24065
23-Mar-2026 16:00:00,1.31234
23-Mar-2026 17:00:00,1.39517
23-Mar-2026 18:00:00,1.47094
23-Mar-2026 19:00:00,1.46542
23-Mar-2026 20:00:00,1.39484
23-Mar-2026 21:00:00,1.32977
23-Mar-2026 22:00:00,1.32646
23-Mar-2026 23:00:00,1.33528
24-Mar-2026 00:00:00,1.30738
24-Mar-2026 01:00:00,1.23999
24-Mar-2026 02:00:00,1.16632
24-Mar-2026 03:00:00,1.10158
24-Mar-2026 04:00:00,1.074
24-Mar-2026 05:00:00,1.04489
24-Mar-2026 06:00:00,1.12838
24-Mar-2026 07:00:00,1.21242
24-Mar-2026 08:00:00,1.13555
24-Mar-2026 09:00:00,0.97651
24-Mar-2026 10:00:00,0.73266
24-Mar-2026 11:00:00,0.61696
24-Mar-2026 12:00:00,0.87085
24-Mar-2026 13:00:00,0.95787
24-Mar-2026 14:00:00,1.00088
24-Mar-2026 15:00:00,1.0632
24-Mar-2026 16:00:00,1.08239
24-Mar-2026 17:00:00,1.22973
24-Mar-2026 18:00:00,1.33285
24-Mar-2026 19:00:00,1.33727
24-Mar-2026 20:00:00,1.23977
24-Mar-2026 21:00:00,1.15849
24-Mar-2026 22:00:00,1.03253
24-Mar-2026 23:00:00,0.72416
25-Mar-2026 00:00:00,0.5603
25-Mar-2026 01:00:00,0.51967
25-Mar-2026 02:00:00,0.50523
25-Mar-2026 03:00:00,0.50568
25-Mar-2026 04:00:00,0.51189
25-Mar-2026 05:00:00,0.61977
25-Mar-2026 06:00:00,0.70091
25-Mar-2026 07:00:00,0.80248
25-Mar-2026 08:00:00,0.95652
25-Mar-2026 09:00:00,0.88091
25-Mar-2026 10:00:00,0.78081
25-Mar-2026 11:00:00,0.75531
25-Mar-2026 12:00:00,0.75745
25-Mar-2026 13:00:00,0.74628
25-Mar-2026 14:00:00,0.7289
25-Mar-2026 15:00:00,0.78634
25-Mar-2026 16:00:00,0.94489
25-Mar-2026 17:00:00,1.20434
25-Mar-2026 18:00:00,1.27216
25-Mar-2026 19:00:00,1.32745
25-Mar-2026 20:00:00,1.32429
25-Mar-2026 21:00:00,1.29856
25-Mar-2026 22:00:00,1.31922
25-Mar-2026 23:00:00,1.24632
26-Mar-2026 00:00:00,1.21346
26-Mar-2026 01:00:00,1.07644
26-Mar-2026 02:00:00,1.04983
26-Mar-2026 03:00:00,1.03804
26-Mar-2026 04:00:00,1.10216
26-Mar-2026 05:00:00,1.14529
26-Mar-2026 06:00:00,1.25523
26-Mar-2026 07:00:00,1.34788
26-Mar-2026 08:00:00,1.3234
26-Mar-2026 09:00:00,1.08812
26-Mar-2026 10:00:00,1.03826
26-Mar-2026 11:00:00,0.99367
26-Mar-2026 12:00:00,0.97919
26-Mar-2026 13:00:00,0.68742
26-Mar-2026 14:00:00,0.89586
26-Mar-2026 15:00:00,0.71696
26-Mar-2026 16:00:00,1.10834
26-Mar-2026 17:00:00,1.28578
26-Mar-2026 18:00:00,1.36787
26-Mar-2026 19:00:00,1.41235
26-Mar-2026 20:00:00,1.37562
26-Mar-2026 21:00:00,1.3581
26-Mar-2026 22:00:00,1.33104
26-Mar-2026 23:00:00,1.29825
